INSERT INTO Users (email, full_name, contact_number, password_hash, role) VALUES
('aarav.sharma1@gmail.com','Aarav Sharma','9000000001','Pass@1','admin'),
('vivaan.verma2@gmail.com','Vivaan Verma','9000000002','Pass@2','admin'),
('aditya.jain3@gmail.com','Aditya Jain','9000000003','Pass@3','admin'),
('vihaan.gupta4@gmail.com','Vihaan Gupta','9000000004','Pass@4','admin'),
('arjun.mishra5@gmail.com','Arjun Mishra','9000000005','Pass@5','admin'),
('reyansh.kapoor6@gmail.com','Reyansh Kapoor','9000000006','Pass@6','admin'),
('krishna.singh7@gmail.com','Krishna Singh','9000000007','Pass@7','admin'),
('ishaan.yadav8@gmail.com','Ishaan Yadav','9000000008','Pass@8','admin'),
('sai.patel9@gmail.com','Sai Patel','9000000009','Pass@9','admin'),
('kabir.mehta10@gmail.com','Kabir Mehta','9000000010','Pass@10','admin'),
('rudra.nair11@gmail.com','Rudra Nair','9000000011','Pass@11','admin'),
('vedant.agarwal12@gmail.com','Vedant Agarwal','9000000012','Pass@12','admin'),
('atharv.saxena13@gmail.com','Atharv Saxena','9000000013','Pass@13','admin'),
('dhruv.chopra14@gmail.com','Dhruv Chopra','9000000014','Pass@14','admin'),
('ananya.sharma15@gmail.com','Ananya Sharma','9000000015','Pass@15','admin'),
('diya.verma16@gmail.com','Diya Verma','9000000016','Pass@16','admin'),
('kavya.jain17@gmail.com','Kavya Jain','9000000017','Pass@17','admin'),
('meera.gupta18@gmail.com','Meera Gupta','9000000018','Pass@18','admin'),
('isha.malhotra19@gmail.com','Isha Malhotra','9000000019','Pass@19','admin'),
('priya.kapoor20@gmail.com','Priya Kapoor','9000000020','Pass@20','admin'),

('rahul.sharma21@gmail.com','Rahul Sharma','9000000021','Pass@21','client'),
('amit.verma22@gmail.com','Amit Verma','9000000022','Pass@22','client'),
('sandeep.jain23@gmail.com','Sandeep Jain','9000000023','Pass@23','client'),
('manoj.gupta24@gmail.com','Manoj Gupta','9000000024','Pass@24','client'),
('deepak.mishra25@gmail.com','Deepak Mishra','9000000025','Pass@25','client'),
('rakesh.kapoor26@gmail.com','Rakesh Kapoor','9000000026','Pass@26','client'),
('sunil.yadav27@gmail.com','Sunil Yadav','9000000027','Pass@27','client'),
('vikas.patel28@gmail.com','Vikas Patel','9000000028','Pass@28','client'),
('rajiv.mehta29@gmail.com','Rajiv Mehta','9000000029','Pass@29','client'),
('naveen.nair30@gmail.com','Naveen Nair','9000000030','Pass@30','client'),

('alok.sharma31@gmail.com','Alok Sharma','9000000031','Pass@31','client'),
('harish.verma32@gmail.com','Harish Verma','9000000032','Pass@32','client'),
('puneet.jain33@gmail.com','Puneet Jain','9000000033','Pass@33','client'),
('tarun.gupta34@gmail.com','Tarun Gupta','9000000034','Pass@34','client'),
('lokesh.mishra35@gmail.com','Lokesh Mishra','9000000035','Pass@35','client'),
('kapil.kapoor36@gmail.com','Kapil Kapoor','9000000036','Pass@36','client'),
('ravi.yadav37@gmail.com','Ravi Yadav','9000000037','Pass@37','client'),
('nitin.patel38@gmail.com','Nitin Patel','9000000038','Pass@38','client'),
('girish.mehta39@gmail.com','Girish Mehta','9000000039','Pass@39','client'),
('mukesh.nair40@gmail.com','Mukesh Nair','9000000040','Pass@40','client'),

('ajay.sharma41@gmail.com','Ajay Sharma','9000000041','Pass@41','client'),
('sachin.verma42@gmail.com','Sachin Verma','9000000042','Pass@42','client'),
('rohit.jain43@gmail.com','Rohit Jain','9000000043','Pass@43','client'),
('ankit.gupta44@gmail.com','Ankit Gupta','9000000044','Pass@44','client'),
('sumit.mishra45@gmail.com','Sumit Mishra','9000000045','Pass@45','client'),
('ajit.kapoor46@gmail.com','Ajit Kapoor','9000000046','Pass@46','client'),
('dinesh.yadav47@gmail.com','Dinesh Yadav','9000000047','Pass@47','client'),
('mahesh.patel48@gmail.com','Mahesh Patel','9000000048','Pass@48','client'),
('ramesh.mehta49@gmail.com','Ramesh Mehta','9000000049','Pass@49','client'),
('ganesh.nair50@gmail.com','Ganesh Nair','9000000050','Pass@50','client'),

('ankur.sharma51@gmail.com','Ankur Sharma','9000000051','Pass@51','client'),
('rahul.singh52@gmail.com','Rahul Singh','9000000052','Pass@52','client'),
('piyush.gupta53@gmail.com','Piyush Gupta','9000000053','Pass@53','client'),
('karan.mehra54@gmail.com','Karan Mehra','9000000054','Pass@54','client'),
('vikrant.jain55@gmail.com','Vikrant Jain','9000000055','Pass@55','client'),
('sachin.sharma56@gmail.com','Sachin Sharma','9000000056','Pass@56','client'),
('amitabh.singh57@gmail.com','Amitabh Singh','9000000057','Pass@57','client'),
('rohan.verma58@gmail.com','Rohan Verma','9000000058','Pass@58','client'),
('deepanshu.yadav59@gmail.com','Deepanshu Yadav','9000000059','Pass@59','client'),
('manish.patel60@gmail.com','Manish Patel','9000000060','Pass@60','client'),

('abhishek.gupta61@gmail.com','Abhishek Gupta','9000000061','Pass@61','client'),
('tarun.singh62@gmail.com','Tarun Singh','9000000062','Pass@62','client'),
('nitesh.jain63@gmail.com','Nitesh Jain','9000000063','Pass@63','client'),
('prashant.sharma64@gmail.com','Prashant Sharma','9000000064','Pass@64','client'),
('ravi.chauhan65@gmail.com','Ravi Chauhan','9000000065','Pass@65','client'),
('harsh.goyal66@gmail.com','Harsh Goyal','9000000066','Pass@66','client'),
('saurabh.verma67@gmail.com','Saurabh Verma','9000000067','Pass@67','client'),
('vivek.shukla68@gmail.com','Vivek Shukla','9000000068','Pass@68','client'),
('anil.pandey69@gmail.com','Anil Pandey','9000000069','Pass@69','client'),
('dheeraj.mishra70@gmail.com','Dheeraj Mishra','9000000070','Pass@70','client'),

('keshav.sharma71@gmail.com','Keshav Sharma','9000000071','Pass@71','client'),
('gopal.verma72@gmail.com','Gopal Verma','9000000072','Pass@72','client'),
('alok.tiwari73@gmail.com','Alok Tiwari','9000000073','Pass@73','client'),
('manav.jain74@gmail.com','Manav Jain','9000000074','Pass@74','client'),
('rahul.agarwal75@gmail.com','Rahul Agarwal','9000000075','Pass@75','client'),
('sumit.sharma76@gmail.com','Sumit Sharma','9000000076','Pass@76','client'),
('rohit.saxena77@gmail.com','Rohit Saxena','9000000077','Pass@77','client'),
('gaurav.joshi78@gmail.com','Gaurav Joshi','9000000078','Pass@78','client'),
('akash.kumar79@gmail.com','Akash Kumar','9000000079','Pass@79','client'),
('vinay.singh80@gmail.com','Vinay Singh','9000000080','Pass@80','client'),

('alok.mishra81@gmail.com','Alok Mishra','9000000081','Pass@81','client'),
('pankaj.gupta82@gmail.com','Pankaj Gupta','9000000082','Pass@82','client'),
('nitish.jain83@gmail.com','Nitish Jain','9000000083','Pass@83','client'),
('ashish.verma84@gmail.com','Ashish Verma','9000000084','Pass@84','client'),
('sunil.kumar85@gmail.com','Sunil Kumar','9000000085','Pass@85','client'),
('ajay.shukla86@gmail.com','Ajay Shukla','9000000086','Pass@86','client'),
('deepak.pandey87@gmail.com','Deepak Pandey','9000000087','Pass@87','client'),
('naveen.gupta88@gmail.com','Naveen Gupta','9000000088','Pass@88','client'),
('manoj.singh89@gmail.com','Manoj Singh','9000000089','Pass@89','client'),
('harish.jain90@gmail.com','Harish Jain','9000000090','Pass@90','client'),

-- freelancers 91–200
('rohit.sharma91@gmail.com','Rohit Sharma','9000000091','Pass@91','freelancer'),
('ankit.verma92@gmail.com','Ankit Verma','9000000092','Pass@92','freelancer'),
('pankaj.jain93@gmail.com','Pankaj Jain','9000000093','Pass@93','freelancer'),
('sumit.gupta94@gmail.com','Sumit Gupta','9000000094','Pass@94','freelancer'),
('ajay.mishra95@gmail.com','Ajay Mishra','9000000095','Pass@95','freelancer'),
('sachin.kapoor96@gmail.com','Sachin Kapoor','9000000096','Pass@96','freelancer'),
('gopal.yadav97@gmail.com','Gopal Yadav','9000000097','Pass@97','freelancer'),
('ravi.patel98@gmail.com','Ravi Patel','9000000098','Pass@98','freelancer'),
('karan.mehta99@gmail.com','Karan Mehta','9000000099','Pass@99','freelancer'),
('vikas.nair100@gmail.com','Vikas Nair','9000000100','Pass@100','freelancer'),

('amit.sharma101@gmail.com','Amit Sharma','9000000101','Pass@101','freelancer'),
('rahul.verma102@gmail.com','Rahul Verma','9000000102','Pass@102','freelancer'),
('deepak.jain103@gmail.com','Deepak Jain','9000000103','Pass@103','freelancer'),
('sunil.gupta104@gmail.com','Sunil Gupta','9000000104','Pass@104','freelancer'),
('manish.mishra105@gmail.com','Manish Mishra','9000000105','Pass@105','freelancer'),
('dinesh.kapoor106@gmail.com','Dinesh Kapoor','9000000106','Pass@106','freelancer'),
('rajesh.yadav107@gmail.com','Rajesh Yadav','9000000107','Pass@107','freelancer'),
('mahesh.patel108@gmail.com','Mahesh Patel','9000000108','Pass@108','freelancer'),
('suresh.mehta109@gmail.com','Suresh Mehta','9000000109','Pass@109','freelancer'),
('naveen.nair110@gmail.com','Naveen Nair','9000000110','Pass@110','freelancer'),

('alok.sharma111@gmail.com','Alok Sharma','9000000111','Pass@111','freelancer'),
('harish.verma112@gmail.com','Harish Verma','9000000112','Pass@112','freelancer'),
('puneet.jain113@gmail.com','Puneet Jain','9000000113','Pass@113','freelancer'),
('tarun.gupta114@gmail.com','Tarun Gupta','9000000114','Pass@114','freelancer'),
('lokesh.mishra115@gmail.com','Lokesh Mishra','9000000115','Pass@115','freelancer'),
('kapil.kapoor116@gmail.com','Kapil Kapoor','9000000116','Pass@116','freelancer'),
('ravi.yadav117@gmail.com','Ravi Yadav','9000000117','Pass@117','freelancer'),
('nitin.patel118@gmail.com','Nitin Patel','9000000118','Pass@118','freelancer'),
('girish.mehta119@gmail.com','Girish Mehta','9000000119','Pass@119','freelancer'),
('mukesh.nair120@gmail.com','Mukesh Nair','9000000120','Pass@120','freelancer'),

('ajay.sharma121@gmail.com','Ajay Sharma','9000000121','Pass@121','freelancer'),
('sachin.verma122@gmail.com','Sachin Verma','9000000122','Pass@122','freelancer'),
('rohit.jain123@gmail.com','Rohit Jain','9000000123','Pass@123','freelancer'),
('ankit.gupta124@gmail.com','Ankit Gupta','9000000124','Pass@124','freelancer'),
('sumit.mishra125@gmail.com','Sumit Mishra','9000000125','Pass@125','freelancer'),
('ajit.kapoor126@gmail.com','Ajit Kapoor','9000000126','Pass@126','freelancer'),
('dinesh.yadav127@gmail.com','Dinesh Yadav','9000000127','Pass@127','freelancer'),
('mahesh.patel128@gmail.com','Mahesh Patel','9000000128','Pass@128','freelancer'),
('ramesh.mehta129@gmail.com','Ramesh Mehta','9000000129','Pass@129','freelancer'),
('ganesh.nair130@gmail.com','Ganesh Nair','9000000130','Pass@130','freelancer'),

('ankur.sharma131@gmail.com','Ankur Sharma','9000000131','Pass@131','freelancer'),
('rahul.singh132@gmail.com','Rahul Singh','9000000132','Pass@132','freelancer'),
('piyush.gupta133@gmail.com','Piyush Gupta','9000000133','Pass@133','freelancer'),
('karan.mehra134@gmail.com','Karan Mehra','9000000134','Pass@134','freelancer'),
('vikrant.jain135@gmail.com','Vikrant Jain','9000000135','Pass@135','freelancer'),
('sachin.sharma136@gmail.com','Sachin Sharma','9000000136','Pass@136','freelancer'),
('amitabh.singh137@gmail.com','Amitabh Singh','9000000137','Pass@137','freelancer'),
('rohan.verma138@gmail.com','Rohan Verma','9000000138','Pass@138','freelancer'),
('deepanshu.yadav139@gmail.com','Deepanshu Yadav','9000000139','Pass@139','freelancer'),
('manish.patel140@gmail.com','Manish Patel','9000000140','Pass@140','freelancer'),

('abhishek.gupta141@gmail.com','Abhishek Gupta','9000000141','Pass@141','freelancer'),
('tarun.singh142@gmail.com','Tarun Singh','9000000142','Pass@142','freelancer'),
('nitesh.jain143@gmail.com','Nitesh Jain','9000000143','Pass@143','freelancer'),
('prashant.sharma144@gmail.com','Prashant Sharma','9000000144','Pass@144','freelancer'),
('ravi.chauhan145@gmail.com','Ravi Chauhan','9000000145','Pass@145','freelancer'),
('harsh.goyal146@gmail.com','Harsh Goyal','9000000146','Pass@146','freelancer'),
('saurabh.verma147@gmail.com','Saurabh Verma','9000000147','Pass@147','freelancer'),
('vivek.shukla148@gmail.com','Vivek Shukla','9000000148','Pass@148','freelancer'),
('anil.pandey149@gmail.com','Anil Pandey','9000000149','Pass@149','freelancer'),
('dheeraj.mishra150@gmail.com','Dheeraj Mishra','9000000150','Pass@150','freelancer'),

('keshav.sharma151@gmail.com','Keshav Sharma','9000000151','Pass@151','freelancer'),
('gopal.verma152@gmail.com','Gopal Verma','9000000152','Pass@152','freelancer'),
('alok.tiwari153@gmail.com','Alok Tiwari','9000000153','Pass@153','freelancer'),
('manav.jain154@gmail.com','Manav Jain','9000000154','Pass@154','freelancer'),
('rahul.agarwal155@gmail.com','Rahul Agarwal','9000000155','Pass@155','freelancer'),
('sumit.sharma156@gmail.com','Sumit Sharma','9000000156','Pass@156','freelancer'),
('rohit.saxena157@gmail.com','Rohit Saxena','9000000157','Pass@157','freelancer'),
('gaurav.joshi158@gmail.com','Gaurav Joshi','9000000158','Pass@158','freelancer'),
('akash.kumar159@gmail.com','Akash Kumar','9000000159','Pass@159','freelancer'),
('vinay.singh160@gmail.com','Vinay Singh','9000000160','Pass@160','freelancer'),

('alok.mishra161@gmail.com','Alok Mishra','9000000161','Pass@161','freelancer'),
('pankaj.gupta162@gmail.com','Pankaj Gupta','9000000162','Pass@162','freelancer'),
('nitish.jain163@gmail.com','Nitish Jain','9000000163','Pass@163','freelancer'),
('ashish.verma164@gmail.com','Ashish Verma','9000000164','Pass@164','freelancer'),
('sunil.kumar165@gmail.com','Sunil Kumar','9000000165','Pass@165','freelancer'),
('ajay.shukla166@gmail.com','Ajay Shukla','9000000166','Pass@166','freelancer'),
('deepak.pandey167@gmail.com','Deepak Pandey','9000000167','Pass@167','freelancer'),
('naveen.gupta168@gmail.com','Naveen Gupta','9000000168','Pass@168','freelancer'),
('manoj.singh169@gmail.com','Manoj Singh','9000000169','Pass@169','freelancer'),
('harish.jain170@gmail.com','Harish Jain','9000000170','Pass@170','freelancer'),

('vikas.mishra171@gmail.com','Vikas Mishra','9000000171','Pass@171','freelancer'),
('ravi.singh172@gmail.com','Ravi Singh','9000000172','Pass@172','freelancer'),
('deepak.sharma173@gmail.com','Deepak Sharma','9000000173','Pass@173','freelancer'),
('amit.verma174@gmail.com','Amit Verma','9000000174','Pass@174','freelancer'),
('rahul.jain175@gmail.com','Rahul Jain','9000000175','Pass@175','freelancer'),
('sumit.gupta176@gmail.com','Sumit Gupta','9000000176','Pass@176','freelancer'),
('ankit.mishra177@gmail.com','Ankit Mishra','9000000177','Pass@177','freelancer'),
('rohit.kapoor178@gmail.com','Rohit Kapoor','9000000178','Pass@178','freelancer'),
('sachin.yadav179@gmail.com','Sachin Yadav','9000000179','Pass@179','freelancer'),
('karan.patel180@gmail.com','Karan Patel','9000000180','Pass@180','freelancer'),

('pankaj.mehta181@gmail.com','Pankaj Mehta','9000000181','Pass@181','freelancer'),
('ajay.nair182@gmail.com','Ajay Nair','9000000182','Pass@182','freelancer'),
('dinesh.sharma183@gmail.com','Dinesh Sharma','9000000183','Pass@183','freelancer'),
('mahesh.verma184@gmail.com','Mahesh Verma','9000000184','Pass@184','freelancer'),
('ramesh.jain185@gmail.com','Ramesh Jain','9000000185','Pass@185','freelancer'),
('ganesh.gupta186@gmail.com','Ganesh Gupta','9000000186','Pass@186','freelancer'),
('vivek.mishra187@gmail.com','Vivek Mishra','9000000187','Pass@187','freelancer'),
('tarun.kapoor188@gmail.com','Tarun Kapoor','9000000188','Pass@188','freelancer'),
('lokesh.yadav189@gmail.com','Lokesh Yadav','9000000189','Pass@189','freelancer'),
('kapil.patel190@gmail.com','Kapil Patel','9000000190','Pass@190','freelancer'),

('ravi.mehta191@gmail.com','Ravi Mehta','9000000191','Pass@191','freelancer'),
('nitin.nair192@gmail.com','Nitin Nair','9000000192','Pass@192','freelancer'),
('girish.sharma193@gmail.com','Girish Sharma','9000000193','Pass@193','freelancer'),
('mukesh.verma194@gmail.com','Mukesh Verma','9000000194','Pass@194','freelancer'),
('ajay.jain195@gmail.com','Ajay Jain','9000000195','Pass@195','freelancer'),
('sachin.gupta196@gmail.com','Sachin Gupta','9000000196','Pass@196','freelancer'),
('rohit.mishra197@gmail.com','Rohit Mishra','9000000197','Pass@197','freelancer'),
('ankit.kapoor198@gmail.com','Ankit Kapoor','9000000198','Pass@198','freelancer'),
('sumit.yadav199@gmail.com','Sumit Yadav','9000000199','Pass@199','freelancer'),
('vikas.patel200@gmail.com','Vikas Patel','9000000200','Pass@200','freelancer');

INSERT INTO Clients (user_id, company_name, website, total_spent) VALUES
(21,'Sharma Tech Solutions','https://sharmatech.com',12000),
(22,'Verma Digital Services','https://vermadigital.com',15000),
(23,'Jain Enterprise Group','https://jainenterprise.com',18000),
(24,'Gupta Business Corp','https://guptacorp.com',14000),
(25,'Mishra Consulting','https://mishraconsulting.com',16000),
(26,'Kapoor Innovations','https://kapoorinnovations.com',20000),
(27,'Yadav Logistics','https://yadavlogistics.com',11000),
(28,'Patel Trading Co','https://pateltrading.com',13000),
(29,'Mehta Financial Services','https://mehtafinance.com',17000),
(30,'Nair Global Solutions','https://nairglobal.com',21000),

(31,'Sharma Industries','https://sharmaindustries.com',12500),
(32,'Verma Tech Hub','https://vermatechhub.com',15500),
(33,'Jain Software Pvt Ltd','https://jainsoftware.com',19000),
(34,'Gupta Retail Mart','https://guptaretail.com',13500),
(35,'Mishra Builders','https://mishrabuilders.com',16500),
(36,'Kapoor Designs','https://kapoordesigns.com',22000),
(37,'Yadav Transport','https://yadavtransport.com',11500),
(38,'Patel Exports','https://patelexports.com',14500),
(39,'Mehta Ventures','https://mehtaventures.com',17500),
(40,'Nair Consulting','https://nairconsulting.com',20500),

(41,'Sharma Solutions','https://sharmasolutions.com',13000),
(42,'Verma Enterprises','https://vermaenterprises.com',16000),
(43,'Jain Marketing','https://jainmarketing.com',18500),
(44,'Gupta Services','https://guptaservices.com',15000),
(45,'Mishra Tech','https://mishratech.com',17000),
(46,'Kapoor Group','https://kapoorgroup.com',21000),
(47,'Yadav Infra','https://yadavinfrastructure.com',12000),
(48,'Patel Industries','https://patelindustries.com',14000),
(49,'Mehta Holdings','https://mehtaholdings.com',18000),
(50,'Nair Enterprises','https://nairenterprises.com',22000),

(51,'Sharma Logistics','https://sharmalogistics.com',13500),
(52,'Singh Tech World','https://singhtechworld.com',15500),
(53,'Gupta Solutions','https://guptasolutions.com',17500),
(54,'Mehra Corp','https://mehracorp.com',16500),
(55,'Jain Digital Hub','https://jaindigitalhub.com',19500),
(56,'Sharma Consultancy','https://sharmaconsultancy.com',14500),
(57,'Singh Enterprises','https://singhenterprises.com',18500),
(58,'Verma Innovations','https://vermainnovations.com',20500),
(59,'Yadav Solutions','https://yadavsolutions.com',12500),
(60,'Patel Business Group','https://patelgroup.com',15000),

(61,'Gupta Consulting','https://guptaconsulting.com',17000),
(62,'Singh Infra','https://singhinfra.com',16000),
(63,'Jain Retail','https://jainretail.com',18000),
(64,'Sharma Global','https://sharmaglobal.com',20000),
(65,'Chauhan Tech','https://chauhantech.com',15500),
(66,'Goyal Enterprises','https://goyalenterprises.com',17500),
(67,'Verma Group','https://vermagroup.com',16500),
(68,'Shukla Solutions','https://shuklasolutions.com',14000),
(69,'Pandey Corp','https://pandeycorp.com',18500),
(70,'Mishra Services','https://mishraservices.com',21000),

(71,'Sharma Ventures','https://sharmaventures.com',15000),
(72,'Verma Holdings','https://vermaholdings.com',17000),
(73,'Tiwari Enterprises','https://tiwarienterprises.com',16000),
(74,'Jain Group','https://jaingroup.com',19000),
(75,'Agarwal Tech','https://agarwaltech.com',20000),
(76,'Sharma Digital','https://sharmadigital.com',15500),
(77,'Saxena Solutions','https://saxenasolutions.com',18000),
(78,'Joshi Innovations','https://joshiinnovations.com',17500),
(79,'Kumar Enterprises','https://kumarenterprises.com',16500),
(80,'Singh Holdings','https://singhholdings.com',21000),

(81,'Mishra Ventures','https://mishraventures.com',15000),
(82,'Gupta Industries','https://guptaindustries.com',17000),
(83,'Jain Solutions','https://jainsolutions.com',16000),
(84,'Verma Tech','https://vermatech.com',18500),
(85,'Kumar Group','https://kumargroup.com',20000),
(86,'Shukla Enterprises','https://shuklaenterprises.com',15500),
(87,'Pandey Solutions','https://pandeysolutions.com',17500),
(88,'Gupta Global','https://guptaglobal.com',16500),
(89,'Singh Services','https://singhservices.com',18000),
(90,'Jain Holdings','https://jainholdings.com',21000);

INSERT INTO Freelancers (user_id, hourly_rate, total_earned) VALUES
(91,25,3500),(92,22,2800),(93,30,4200),(94,18,2100),(95,27,3900),
(96,24,3100),(97,20,2500),(98,26,3600),(99,28,4000),(100,23,3300),

(101,19,2200),(102,21,2700),(103,29,4100),(104,17,2000),(105,26,3500),
(106,24,3200),(107,20,2600),(108,27,3700),(109,28,3900),(110,23,3100),

(111,22,3000),(112,25,3400),(113,30,4500),(114,18,2300),(115,27,3800),
(116,24,3100),(117,20,2600),(118,26,3600),(119,29,4200),(120,23,3200),

(121,21,2800),(122,25,3500),(123,30,4600),(124,19,2400),(125,28,3900),
(126,24,3200),(127,20,2700),(128,26,3700),(129,29,4100),(130,23,3300),

(131,22,2900),(132,25,3600),(133,30,4700),(134,18,2200),(135,27,3800),
(136,24,3100),(137,20,2600),(138,26,3600),(139,29,4200),(140,23,3200),

(141,21,2800),(142,25,3500),(143,30,4600),(144,19,2400),(145,28,3900),
(146,24,3200),(147,20,2700),(148,26,3700),(149,29,4100),(150,23,3300),

(151,22,3000),(152,25,3400),(153,30,4500),(154,18,2300),(155,27,3800),
(156,24,3100),(157,20,2600),(158,26,3600),(159,29,4200),(160,23,3200),

(161,21,2800),(162,25,3500),(163,30,4600),(164,19,2400),(165,28,3900),
(166,24,3200),(167,20,2700),(168,26,3700),(169,29,4100),(170,23,3300),

(171,22,2900),(172,25,3600),(173,30,4700),(174,18,2200),(175,27,3800),
(176,24,3100),(177,20,2600),(178,26,3600),(179,29,4200),(180,23,3200),

(181,21,2800),(182,25,3500),(183,30,4600),(184,19,2400),(185,28,3900),
(186,24,3200),(187,20,2700),(188,26,3700),(189,29,4100),(190,23,3300),

(191,22,3000),(192,25,3400),(193,30,4500),(194,18,2300),(195,27,3800),
(196,24,3100),(197,20,2600),(198,26,3600),(199,29,4200),(200,23,3200);

INSERT INTO Skills (skill_name) VALUES
('Web Development'),
('Frontend Development'),
('Backend Development'),
('Full Stack Development'),
('HTML'),
('CSS'),
('JavaScript'),
('React.js'),
('Angular'),
('Vue.js'),

('Node.js'),
('Express.js'),
('Django'),
('Flask'),
('Spring Boot'),
('PHP'),
('Laravel'),
('ASP.NET'),

('Mobile App Development'),
('Android Development'),
('iOS Development'),
('Flutter'),
('React Native'),

('Database Management'),
('MySQL'),
('PostgreSQL'),
('MongoDB'),
('Oracle Database'),
('SQLite'),

('Data Analysis'),
('Data Science'),
('Machine Learning'),
('Deep Learning'),
('Artificial Intelligence'),
('Natural Language Processing'),
('Computer Vision'),

('Cloud Computing'),
('AWS'),
('Microsoft Azure'),
('Google Cloud Platform'),
('Cloud Architecture'),

('DevOps'),
('Docker'),
('Kubernetes'),
('CI/CD'),
('Jenkins'),
('Git'),
('GitHub'),
('GitLab'),

('Cybersecurity'),
('Ethical Hacking'),
('Network Security'),
('Penetration Testing'),

('API Development'),
('REST API'),
('GraphQL'),

('Software Testing'),
('Manual Testing'),
('Automation Testing'),
('Selenium'),
('JUnit'),

('UI/UX Design'),
('Figma'),
('Adobe XD'),
('Wireframing'),
('Prototyping'),

('Digital Marketing'),
('SEO'),
('Content Marketing'),
('Social Media Marketing'),
('Email Marketing'),

('Project Management'),
('Agile Methodology'),
('Scrum'),
('Kanban'),

('Business Analysis'),
('Requirement Gathering'),

('System Design'),
('Software Architecture'),

('Blockchain'),
('Solidity'),
('Web3'),

('IoT Development'),
('Embedded Systems'),

('Big Data'),
('Hadoop'),
('Spark'),

('Data Visualization'),
('Tableau'),
('Power BI'),

('Technical Writing'),
('Documentation'),

('Customer Support'),
('Communication Skills'),
('Problem Solving'),
('Time Management'),
('Leadership'),
('Team Collaboration'),
('Critical Thinking'),
('Decision Making');

INSERT INTO FreelancerSkills (freelancer_id, skill_id, proficiency_level) VALUES
(1,12,'Expert'),(1,45,'Intermediate'),(1,7,'Beginner'),
(2,33,'Expert'),(2,2,'Intermediate'),(2,56,'Beginner'),
(3,18,'Expert'),(3,60,'Intermediate'),(3,9,'Beginner'),
(4,72,'Expert'),(4,14,'Intermediate'),(4,38,'Beginner'),
(5,5,'Expert'),(5,41,'Intermediate'),(5,22,'Beginner'),
(6,27,'Expert'),(6,8,'Intermediate'),(6,63,'Beginner'),
(7,44,'Expert'),(7,19,'Intermediate'),(7,70,'Beginner'),
(8,11,'Expert'),(8,52,'Intermediate'),(8,30,'Beginner'),
(9,66,'Expert'),(9,25,'Intermediate'),(9,13,'Beginner'),
(10,35,'Expert'),(10,9,'Intermediate'),(10,48,'Beginner'),

(11,17,'Expert'),(11,68,'Intermediate'),(11,4,'Beginner'),
(12,23,'Expert'),(12,54,'Intermediate'),(12,15,'Beginner'),
(13,61,'Expert'),(13,28,'Intermediate'),(13,7,'Beginner'),
(14,10,'Expert'),(14,75,'Intermediate'),(14,39,'Beginner'),
(15,50,'Expert'),(15,12,'Intermediate'),(15,26,'Beginner'),
(16,36,'Expert'),(16,64,'Intermediate'),(16,18,'Beginner'),
(17,42,'Expert'),(17,3,'Intermediate'),(17,59,'Beginner'),
(18,71,'Expert'),(18,20,'Intermediate'),(18,8,'Beginner'),
(19,14,'Expert'),(19,47,'Intermediate'),(19,31,'Beginner'),
(20,6,'Expert'),(20,62,'Intermediate'),(20,24,'Beginner'),

(21,29,'Expert'),(21,11,'Intermediate'),(21,53,'Beginner'),
(22,74,'Expert'),(22,21,'Intermediate'),(22,9,'Beginner'),
(23,32,'Expert'),(23,58,'Intermediate'),(23,16,'Beginner'),
(24,45,'Expert'),(24,6,'Intermediate'),(24,27,'Beginner'),
(25,13,'Expert'),(25,70,'Intermediate'),(25,34,'Beginner'),
(26,39,'Expert'),(26,17,'Intermediate'),(26,60,'Beginner'),
(27,55,'Expert'),(27,23,'Intermediate'),(27,8,'Beginner'),
(28,19,'Expert'),(28,41,'Intermediate'),(28,72,'Beginner'),
(29,64,'Expert'),(29,10,'Intermediate'),(29,28,'Beginner'),
(30,7,'Expert'),(30,52,'Intermediate'),(30,36,'Beginner'),

(31,48,'Expert'),(31,14,'Intermediate'),(31,63,'Beginner'),
(32,26,'Expert'),(32,59,'Intermediate'),(32,11,'Beginner'),
(33,75,'Expert'),(33,33,'Intermediate'),(33,20,'Beginner'),
(34,8,'Expert'),(34,67,'Intermediate'),(34,29,'Beginner'),
(35,34,'Expert'),(35,15,'Intermediate'),(35,50,'Beginner'),
(36,21,'Expert'),(36,44,'Intermediate'),(36,12,'Beginner'),
(37,60,'Expert'),(37,9,'Intermediate'),(37,31,'Beginner'),
(38,18,'Expert'),(38,72,'Intermediate'),(38,6,'Beginner'),
(39,41,'Expert'),(39,27,'Intermediate'),(39,55,'Beginner'),
(40,53,'Expert'),(40,16,'Intermediate'),(40,38,'Beginner'),

(41,70,'Expert'),(41,5,'Intermediate'),(41,22,'Beginner'),
(42,24,'Expert'),(42,61,'Intermediate'),(42,14,'Beginner'),
(43,36,'Expert'),(43,19,'Intermediate'),(43,48,'Beginner'),
(44,9,'Expert'),(44,65,'Intermediate'),(44,28,'Beginner'),
(45,52,'Expert'),(45,12,'Intermediate'),(45,33,'Beginner'),
(46,17,'Expert'),(46,73,'Intermediate'),(46,40,'Beginner'),
(47,29,'Expert'),(47,6,'Intermediate'),(47,58,'Beginner'),
(48,68,'Expert'),(48,21,'Intermediate'),(48,10,'Beginner'),
(49,43,'Expert'),(49,35,'Intermediate'),(49,7,'Beginner'),
(50,14,'Expert'),(50,62,'Intermediate'),(50,25,'Beginner'),

(51,56,'Expert'),(51,18,'Intermediate'),(51,39,'Beginner'),
(52,31,'Expert'),(52,9,'Intermediate'),(52,70,'Beginner'),
(53,12,'Expert'),(53,47,'Intermediate'),(53,28,'Beginner'),
(54,66,'Expert'),(54,20,'Intermediate'),(54,4,'Beginner'),
(55,23,'Expert'),(55,51,'Intermediate'),(55,15,'Beginner'),
(56,38,'Expert'),(56,11,'Intermediate'),(56,63,'Beginner'),
(57,72,'Expert'),(57,26,'Intermediate'),(57,9,'Beginner'),
(58,17,'Expert'),(58,44,'Intermediate'),(58,30,'Beginner'),
(59,54,'Expert'),(59,7,'Intermediate'),(59,41,'Beginner'),
(60,20,'Expert'),(60,68,'Intermediate'),(60,12,'Beginner'),

(61,33,'Expert'),(61,25,'Intermediate'),(61,59,'Beginner'),
(62,6,'Expert'),(62,73,'Intermediate'),(62,18,'Beginner'),
(63,41,'Expert'),(63,12,'Intermediate'),(63,36,'Beginner'),
(64,60,'Expert'),(64,29,'Intermediate'),(64,8,'Beginner'),
(65,22,'Expert'),(65,51,'Intermediate'),(65,14,'Beginner'),
(66,47,'Expert'),(66,9,'Intermediate'),(66,34,'Beginner'),
(67,13,'Expert'),(67,66,'Intermediate'),(67,27,'Beginner'),
(68,58,'Expert'),(68,19,'Intermediate'),(68,42,'Beginner'),
(69,35,'Expert'),(69,72,'Intermediate'),(69,6,'Beginner'),
(70,10,'Expert'),(70,53,'Intermediate'),(70,28,'Beginner'),

(71,64,'Expert'),(71,21,'Intermediate'),(71,39,'Beginner'),
(72,18,'Expert'),(72,45,'Intermediate'),(72,7,'Beginner'),
(73,70,'Expert'),(73,12,'Intermediate'),(73,33,'Beginner'),
(74,26,'Expert'),(74,59,'Intermediate'),(74,14,'Beginner'),
(75,51,'Expert'),(75,8,'Intermediate'),(75,36,'Beginner'),
(76,32,'Expert'),(76,67,'Intermediate'),(76,20,'Beginner'),
(77,15,'Expert'),(77,40,'Intermediate'),(77,71,'Beginner'),
(78,63,'Expert'),(78,22,'Intermediate'),(78,9,'Beginner'),
(79,44,'Expert'),(79,17,'Intermediate'),(79,55,'Beginner'),
(80,28,'Expert'),(80,60,'Intermediate'),(80,12,'Beginner'),

(81,6,'Expert'),(81,52,'Intermediate'),(81,31,'Beginner'),
(82,39,'Expert'),(82,14,'Intermediate'),(82,68,'Beginner'),
(83,21,'Expert'),(83,75,'Intermediate'),(83,9,'Beginner'),
(84,48,'Expert'),(84,30,'Intermediate'),(84,13,'Beginner'),
(85,11,'Expert'),(85,57,'Intermediate'),(85,26,'Beginner'),
(86,35,'Expert'),(86,20,'Intermediate'),(86,62,'Beginner'),
(87,72,'Expert'),(87,8,'Intermediate'),(87,41,'Beginner'),
(88,19,'Expert'),(88,66,'Intermediate'),(88,29,'Beginner'),
(89,53,'Expert'),(89,15,'Intermediate'),(89,37,'Beginner'),
(90,24,'Expert'),(90,60,'Intermediate'),(90,10,'Beginner'),

(91,41,'Expert'),(91,22,'Intermediate'),(91,69,'Beginner'),
(92,12,'Expert'),(92,54,'Intermediate'),(92,7,'Beginner'),
(93,63,'Expert'),(93,18,'Intermediate'),(93,33,'Beginner'),
(94,30,'Expert'),(94,71,'Intermediate'),(94,14,'Beginner'),
(95,5,'Expert'),(95,48,'Intermediate'),(95,27,'Beginner'),
(96,36,'Expert'),(96,11,'Intermediate'),(96,58,'Beginner'),
(97,70,'Expert'),(97,25,'Intermediate'),(97,9,'Beginner'),
(98,22,'Expert'),(98,64,'Intermediate'),(98,17,'Beginner'),
(99,51,'Expert'),(99,6,'Intermediate'),(99,39,'Beginner'),
(100,13,'Expert'),(100,73,'Intermediate'),(100,28,'Beginner'),

(101,47,'Expert'),(101,20,'Intermediate'),(101,60,'Beginner'),
(102,34,'Expert'),(102,9,'Intermediate'),(102,41,'Beginner'),
(103,66,'Expert'),(103,12,'Intermediate'),(103,25,'Beginner'),
(104,18,'Expert'),(104,55,'Intermediate'),(104,30,'Beginner'),
(105,40,'Expert'),(105,7,'Intermediate'),(105,52,'Beginner'),
(106,21,'Expert'),(106,68,'Intermediate'),(106,13,'Beginner'),
(107,59,'Expert'),(107,24,'Intermediate'),(107,35,'Beginner'),
(108,8,'Expert'),(108,44,'Intermediate'),(108,16,'Beginner'),
(109,72,'Expert'),(109,19,'Intermediate'),(109,31,'Beginner'),
(110,26,'Expert'),(110,63,'Intermediate'),(110,10,'Beginner');

INSERT INTO Jobs (client_id, title, description, budget, status) VALUES
(25,'Data Analysis','Project work',3848,'Open'),
(42,'Data Analysis','Project work',4961,'Open'),
(53,'Data Analysis','Project work',4701,'Open'),
(68,'API Development','Project work',4481,'In Progress'),
(27,'API Development','Project work',3586,'Open'),
(3,'Data Analysis','Project work',4883,'Open'),
(49,'Mobile App','Project work',1725,'Open'),
(58,'API Development','Project work',4762,'Open'),
(35,'API Development','Project work',1330,'Open'),

(10,'API Development','Project work',1840,'In Progress'),
(62,'API Development','Project work',4732,'In Progress'),
(1,'Data Analysis','Project work',725,'Open'),
(46,'API Development','Project work',4656,'Open'),
(15,'API Development','Project work',2907,'In Progress'),
(14,'API Development','Project work',2781,'In Progress'),
(8,'Mobile App','Project work',4165,'In Progress'),
(5,'Website Development','Project work',2320,'Open'),
(51,'SEO Optimization','Project work',2598,'In Progress'),
(26,'Website Development','Project work',2837,'Complete'),
(69,'SEO Optimization','Project work',2141,'Complete'),

(9,'Website Development','Project work',629,'Open'),
(3,'SEO Optimization','Project work',2911,'In Progress'),
(22,'SEO Optimization','Project work',2932,'Open'),
(47,'Mobile App','Project work',2022,'Open'),
(30,'Website Development','Project work',771,'In Progress'),
(28,'Mobile App','Project work',967,'Open'),
(44,'Data Analysis','Project work',3163,'Open'),
(55,'Website Development','Project work',4337,'In Progress'),
(41,'SEO Optimization','Project work',3665,'Complete'),
(32,'SEO Optimization','Project work',2904,'Complete'),

(9,'SEO Optimization','Project work',4163,'In Progress'),
(66,'Data Analysis','Project work',4660,'Open'),
(19,'Website Development','Project work',2996,'Complete'),
(10,'Mobile App','Project work',1629,'Open'),
(34,'Website Development','Project work',1683,'In Progress'),
(63,'Data Analysis','Project work',751,'Open'),
(37,'SEO Optimization','Project work',1549,'In Progress'),
(6,'Mobile App','Project work',4177,'Complete'),
(70,'API Development','Project work',4661,'In Progress'),
(4,'Mobile App','Project work',4215,'Open'),

(51,'API Development','Project work',1656,'Complete'),
(54,'Mobile App','Project work',3226,'Open'),
(45,'Data Analysis','Project work',4112,'Complete'),
(68,'SEO Optimization','Project work',2126,'Complete'),
(32,'SEO Optimization','Project work',4816,'Open'),
(10,'Data Analysis','Project work',1864,'Complete'),
(34,'Data Analysis','Project work',2515,'Open'),
(50,'Mobile App','Project work',2907,'Complete'),
(40,'SEO Optimization','Project work',4108,'In Progress'),
(64,'Data Analysis','Project work',3296,'In Progress'),

(52,'Website Development','Project work',3243,'Open'),
(69,'API Development','Project work',3303,'Complete'),
(41,'Data Analysis','Project work',3637,'In Progress'),
(62,'SEO Optimization','Project work',4578,'Complete'),
(56,'Website Development','Project work',4909,'In Progress'),
(33,'API Development','Project work',4548,'In Progress'),
(40,'API Development','Project work',2755,'Open'),
(48,'API Development','Project work',3690,'Complete'),
(46,'Data Analysis','Project work',805,'In Progress'),
(30,'Website Development','Project work',1155,'Open'),

(39,'SEO Optimization','Project work',3387,'Open'),
(24,'SEO Optimization','Project work',3221,'In Progress'),
(13,'Website Development','Project work',4424,'Open'),
(50,'Mobile App','Project work',886,'Complete'),
(8,'Website Development','Project work',3267,'Complete'),
(57,'Mobile App','Project work',2975,'In Progress'),
(45,'API Development','Project work',1128,'In Progress'),
(9,'Website Development','Project work',4189,'In Progress'),
(19,'Data Analysis','Project work',1819,'Open');

INSERT INTO Bids (job_id, freelancer_id, bid_amount, status) VALUES

(1,5,1200,'Pending'),(1,12,1150,'Accepted'),(1,20,1180,'Rejected'),

(2,8,980,'Pending'),(2,15,1020,'Accepted'),(2,30,1000,'Rejected'),

(3,10,1500,'Pending'),(3,25,1400,'Accepted'),(3,40,1450,'Rejected'),

(5,11,1100,'Pending'),(5,18,1050,'Accepted'),(5,50,1080,'Rejected'),

(6,32,2000,'Pending'),(6,45,1950,'Accepted'),(6,60,1980,'Rejected'),

(7,51,1300,'Pending'),(7,55,1350,'Accepted'),(7,66,1320,'Rejected'),

(8,61,800,'Pending'),(8,65,820,'Accepted'),(8,26,810,'Rejected'),

(9,70,2200,'Pending'),(9,76,2100,'Accepted'),(9,36,2150,'Rejected'),

(12,14,700,'Pending'),(12,26,750,'Accepted'),

(13,21,4500,'Pending'),(13,31,4400,'Accepted'),(13,41,4600,'Rejected'),

(17,6,2300,'Pending'),(17,16,2250,'Accepted'),(17,26,2400,'Rejected'),

(21,11,600,'Pending'),(21,21,580,'Accepted'),

(23,13,2800,'Pending'),(23,23,2700,'Accepted'),(23,33,2900,'Rejected'),

(24,19,2000,'Pending'),(24,29,1950,'Accepted'),(24,39,2100,'Rejected'),

(26,41,900,'Pending'),(26,51,850,'Accepted'),

(27,46,3100,'Pending'),(27,56,3000,'Accepted'),(27,66,3200,'Rejected'),

(31,24,4500,'Pending'),(31,34,4400,'Accepted'),(31,44,4600,'Rejected'),

(34,13,1600,'Pending'),(34,23,1500,'Accepted'),(34,33,1700,'Rejected'),

(36,20,700,'Pending'),(36,30,650,'Accepted'),

(40,16,4200,'Pending'),(40,26,4100,'Accepted'),(40,36,4300,'Rejected'),

(44,22,2500,'Pending'),(44,32,2400,'Accepted'),(44,42,2600,'Rejected'),

(47,37,1800,'Pending'),(47,47,1750,'Accepted'),

(50,12,1100,'Pending'),(50,22,1050,'Accepted'),(50,32,1150,'Rejected'),

(52,27,4700,'Pending'),(52,37,4600,'Accepted'),(52,47,4800,'Rejected'),

(54,31,2500,'Pending'),(54,41,2400,'Accepted'),

(57,23,700,'Pending'),(57,33,650,'Accepted'),(57,43,750,'Rejected'),

(60,38,2600,'Pending'),(60,48,2500,'Accepted'),(60,58,2700,'Rejected'),

(63,28,800,'Pending'),(63,38,750,'Accepted'),

(67,42,2000,'Pending'),(67,52,1900,'Accepted'),(67,62,2100,'Rejected');



INSERT INTO Contracts (job_id, client_id, freelancer_id, start_date, end_date, status) VALUES

(31,11,51,'2025-02-01','2025-02-14','Completed'),
(32,12,52,'2025-02-02','2025-08-15','Active'),
(33,13,53,'2025-02-03','2025-02-16','Completed'),
(34,14,54,'2025-02-04','2025-02-10','Cancelled'),
(35,15,55,'2025-02-05','2025-08-20','Active'),

(36,16,56,'2025-02-06','2025-02-20','Completed'),
(37,17,57,'2025-02-07','2025-08-25','Active'),
(38,18,58,'2025-02-08','2025-02-21','Completed'),
(39,19,59,'2025-02-09','2025-02-15','Cancelled'),
(40,20,60,'2025-02-10','2025-09-01','Active'),

(41,21,61,'2025-02-11','2025-02-24','Completed'),
(42,22,62,'2025-02-12','2025-09-05','Active'),
(43,23,63,'2025-02-13','2025-02-26','Completed'),
(44,24,64,'2025-02-14','2025-02-20','Cancelled'),
(45,25,65,'2025-02-15','2025-09-10','Active'),

(46,26,66,'2025-02-16','2025-03-01','Completed'),
(47,27,67,'2025-02-17','2025-09-15','Active'),
(48,28,68,'2025-02-18','2025-03-02','Completed'),
(49,29,69,'2025-02-19','2025-03-03','Cancelled'),
(50,30,70,'2025-02-20','2025-09-20','Active'),

(51,31,71,'2025-02-21','2025-03-07','Completed'),
(52,32,72,'2025-02-22','2025-09-25','Active'),
(53,33,73,'2025-02-23','2025-03-09','Completed'),
(54,34,74,'2025-02-24','2025-03-10','Cancelled'),
(55,35,75,'2025-02-25','2025-10-01','Active'),

(56,36,76,'2025-02-26','2025-03-12','Completed'),
(57,37,77,'2025-02-27','2025-10-05','Active'),
(58,38,78,'2025-02-28','2025-03-14','Completed'),
(59,39,79,'2025-03-01','2025-03-15','Cancelled'),
(60,40,80,'2025-03-02','2025-10-10','Active'),

(61,41,81,'2025-03-03','2025-03-17','Completed'),
(62,42,82,'2025-03-04','2025-10-15','Active'),
(63,43,83,'2025-03-05','2025-03-18','Completed'),
(64,44,84,'2025-03-06','2025-03-12','Cancelled'),
(65,45,85,'2025-03-07','2025-10-20','Active'),

(66,46,86,'2025-03-08','2025-03-22','Completed'),
(67,47,87,'2025-03-09','2025-10-25','Active'),
(68,48,88,'2025-03-10','2025-03-25','Completed'),
(69,49,89,'2025-03-11','2025-03-17','Cancelled');

INSERT INTO Milestones (contract_id, title, amount, status, due_date) VALUES

-- Contract 1 (Completed)
(1,'Requirement Analysis',200,'Completed','2025-01-02'),
(1,'Development',500,'Completed','2025-01-06'),
(1,'Final Delivery',300,'Completed','2025-01-10'),

-- Contract 2 (Active)
(2,'Planning',150,'Completed','2025-01-03'),
(2,'Development Phase 1',400,'Pending','2025-01-08'),
(2,'Testing',350,'Pending','2025-01-12'),

-- Contract 3 (Completed)
(3,'Design',250,'Completed','2025-01-05'),
(3,'Implementation',600,'Completed','2025-01-10'),
(3,'Deployment',300,'Completed','2025-01-15'),

-- Contract 4 (Cancelled)
(4,'Initial Setup',200,'Completed','2025-01-06'),
(4,'Partial Development',300,'Pending','2025-01-09'),

-- Contract 5 (Active)
(5,'Planning',200,'Completed','2025-01-06'),
(5,'Development',500,'Pending','2025-01-12'),

-- Contract 6
(6,'Requirement Gathering',300,'Completed','2025-01-08'),
(6,'Execution',700,'Completed','2025-01-15'),
(6,'Delivery',400,'Completed','2025-01-20'),

-- Contract 7 (Active)
(7,'Kickoff',200,'Completed','2025-01-09'),
(7,'Development',600,'Pending','2025-01-15'),

-- Contract 8
(8,'Design',300,'Completed','2025-01-10'),
(8,'Development',700,'Completed','2025-01-14'),
(8,'Testing',300,'Completed','2025-01-18'),

-- Contract 9 (Cancelled)
(9,'Planning',200,'Completed','2025-01-10'),
(9,'Partial Work',250,'Pending','2025-01-13'),

-- Contract 10 (Active)
(10,'Requirement Analysis',200,'Completed','2025-01-12'),
(10,'Development',500,'Pending','2025-01-18'),

-- Contract 11
(11,'Planning',250,'Completed','2025-01-13'),
(11,'Execution',500,'Completed','2025-01-18'),
(11,'Delivery',300,'Completed','2025-01-21'),

-- Contract 12 (Active)
(12,'Setup',200,'Completed','2025-01-14'),
(12,'Development',400,'Pending','2025-01-18'),

-- Contract 13
(13,'Design',300,'Completed','2025-01-15'),
(13,'Build',700,'Completed','2025-01-20'),
(13,'Deploy',300,'Completed','2025-01-26'),

-- Contract 14 (Cancelled)
(14,'Setup',200,'Completed','2025-01-16'),
(14,'Partial Dev',300,'Pending','2025-01-19'),

-- Contract 15 (Active)
(15,'Planning',200,'Completed','2025-01-17'),
(15,'Development',500,'Pending','2025-01-22'),

-- Contract 16
(16,'Requirement',300,'Completed','2025-01-18'),
(16,'Execution',700,'Completed','2025-01-25'),
(16,'Delivery',400,'Completed','2025-01-30'),

-- Contract 17 (Active)
(17,'Kickoff',200,'Completed','2025-01-19'),
(17,'Development',600,'Pending','2025-01-25'),

-- Contract 18
(18,'Design',300,'Completed','2025-01-20'),
(18,'Build',700,'Completed','2025-01-25'),
(18,'Testing',300,'Completed','2025-01-31'),

-- Contract 19 (Cancelled)
(19,'Planning',200,'Completed','2025-01-21'),
(19,'Partial Work',250,'Pending','2025-01-24'),

-- Contract 20 (Active)
(20,'Requirement',200,'Completed','2025-01-22'),
(20,'Development',500,'Pending','2025-01-28'),

-- Contract 21
(21,'Planning',300,'Completed','2025-01-23'),
(21,'Execution',700,'Completed','2025-01-30'),
(21,'Delivery',400,'Completed','2025-02-04'),

-- Contract 22 (Active)
(22,'Setup',200,'Completed','2025-01-24'),
(22,'Development',400,'Pending','2025-01-28'),

-- Contract 23
(23,'Design',300,'Completed','2025-01-25'),
(23,'Build',700,'Completed','2025-01-30'),
(23,'Deploy',400,'Completed','2025-02-06'),

-- Contract 24 (Cancelled)
(24,'Setup',200,'Completed','2025-01-26'),
(24,'Partial Dev',300,'Pending','2025-01-30'),

-- Contract 25 (Active)
(25,'Planning',200,'Completed','2025-01-27'),
(25,'Development',500,'Pending','2025-02-02');

INSERT INTO Payments (payment_id, milestone_id, amount, payment_date, payment_status) VALUES

-- Contract 1
(1,1,200,'2025-01-03','Paid'),
(2,2,500,'2025-01-07','Paid'),
(3,3,300,'2025-01-10','Paid'),

-- Contract 2 (Active)
(4,4,150,'2025-01-04','Paid'),
(5,5,400,'2025-01-09','Pending'),
(6,6,350,'2025-01-13','Pending'),

-- Contract 3
(7,7,250,'2025-01-06','Paid'),
(8,8,600,'2025-01-11','Paid'),
(9,9,300,'2025-01-15','Paid'),

-- Contract 4 (Cancelled)
(10,10,200,'2025-01-07','Paid'),
(11,11,300,'2025-01-10','Failed'),

-- Contract 5 (Active)
(12,12,200,'2025-01-07','Paid'),
(13,13,500,'2025-01-13','Pending'),

-- Contract 6
(14,14,300,'2025-01-09','Paid'),
(15,15,700,'2025-01-16','Paid'),
(16,16,400,'2025-01-20','Paid'),

-- Contract 7 (Active)
(17,17,200,'2025-01-10','Paid'),
(18,18,600,'2025-01-16','Pending'),

-- Contract 8
(19,19,300,'2025-01-11','Paid'),
(20,20,700,'2025-01-15','Paid'),
(21,21,300,'2025-01-18','Paid'),

-- Contract 9 (Cancelled)
(22,22,200,'2025-01-11','Paid'),
(23,23,250,'2025-01-14','Failed'),

-- Contract 10 (Active)
(24,24,200,'2025-01-13','Paid'),
(25,25,500,'2025-01-19','Pending'),

-- Contract 11
(26,26,250,'2025-01-14','Paid'),
(27,27,500,'2025-01-19','Paid'),
(28,28,300,'2025-01-21','Paid'),

-- Contract 12 (Active)
(29,29,200,'2025-01-15','Paid'),
(30,30,400,'2025-01-19','Pending'),

-- Contract 13
(31,31,300,'2025-01-16','Paid'),
(32,32,700,'2025-01-21','Paid'),
(33,33,300,'2025-01-26','Paid'),

-- Contract 14 (Cancelled)
(34,34,200,'2025-01-17','Paid'),
(35,35,300,'2025-01-20','Failed'),

-- Contract 15 (Active)
(36,36,200,'2025-01-18','Paid'),
(37,37,500,'2025-01-23','Pending');

INSERT INTO Reviews (job_id, reviewee_id, rating, comment) VALUES

(19,28,5,'Excellent work'),
(19,35,4,'Very professional'),

(20,15,4,'Good job'),
(20,25,5,'Outstanding'),

(26,40,5,'Fantastic execution'),
(26,50,4,'Nice collaboration'),

(31,22,4,'Very good delivery'),
(31,32,5,'Highly recommended'),

(33,30,3,'Average work'),
(33,40,4,'Good effort'),

(39,45,4,'Nice work overall'),
(39,55,5,'Great quality'),

(41,50,5,'Highly professional'),
(41,60,4,'Good communication'),

(43,55,5,'Fantastic delivery'),
(43,65,4,'Very reliable'),

(45,60,4,'Great job'),
(45,70,5,'Top performance'),

(46,65,3,'Work was okay'),
(46,75,4,'Good experience'),

(48,70,5,'Excellent execution'),
(48,80,4,'Nice delivery'),

(50,10,4,'Good communication'),
(50,20,5,'Great job');
INSERT INTO Messages (sender_id, receiver_id, message_text) VALUES

(5,120,'Hi, I am interested in your project'),
(120,5,'Great, can you share your portfolio?'),

(12,135,'Please share the project requirements'),
(135,12,'Sure, I will send the details shortly'),

(25,140,'I can start working immediately'),
(140,25,'That sounds good, let us proceed'),

(33,150,'Do you have any reference design?'),
(150,33,'Yes, I will upload it'),

(18,130,'Can we discuss timeline?'),
(130,18,'Yes, let us schedule a call'),

(41,160,'I have completed the first draft'),
(160,41,'Please share it for review'),

(22,145,'What is your budget range?'),
(145,22,'Around 2000 USD'),

(37,170,'I have a few questions'),
(170,37,'Sure, ask anytime'),

(50,180,'Work is in progress'),
(180,50,'Okay, keep me updated'),

(60,190,'Please review the latest update'),
(190,60,'Looks good so far'),

(70,200,'Can we extend the deadline?'),
(200,70,'Yes, extension approved'),

(80,110,'I will deliver by tomorrow'),
(110,80,'Looking forward to it'),

(90,115,'Need clarification on requirements'),
(115,90,'I will clarify shortly'),

(100,125,'Initial work has been submitted'),
(125,100,'Received, reviewing it'),

(15,135,'Any updates on the project?'),
(135,15,'Yes, almost done'),

(28,150,'Please check the uploaded files'),
(150,28,'Files received, thanks'),

(45,175,'Can we revise the budget?'),
(175,45,'Yes, we can discuss'),

(55,165,'Project completed successfully'),
(165,55,'Excellent work'),

(65,155,'Waiting for your approval'),
(155,65,'Approved, good job'),

(75,145,'Do you need any changes?'),
(145,75,'Minor changes required'),

(85,135,'Working on requested updates'),
(135,85,'Okay, keep me posted'),

(95,125,'Final version delivered'),
(125,95,'Perfect, thank you'),

(105,115,'Let us start next phase'),
(115,105,'Agreed'),

(35,160,'Can we finalize contract?'),
(160,35,'Yes, sending details'),

(48,170,'Facing some issues'),
(170,48,'Let me help you with that'),

(58,180,'Everything is on track'),
(180,58,'Good to hear'),

(68,190,'Please confirm milestone'),
(190,68,'Confirmed'),

(78,200,'Work completed'),
(200,78,'Great job'),

(88,110,'Ready for final delivery'),
(110,88,'Proceed'),

(98,120,'Sending final files'),
(120,98,'Received successfully');
INSERT INTO admin_actions (admin_id, action_type, action_description) VALUES
(7,'Moderation','Reviewed flagged content and took action'),
(12,'Moderation','Removed spam messages from platform'),
(3,'Moderation','Handled user complaint regarding abuse'),
(15,'Moderation','Verified reported post for violations'),
(1,'Moderation','Removed inappropriate content'),

(19,'Moderation','Checked suspicious user activity'),
(5,'Moderation','Filtered offensive language in comments'),
(14,'Moderation','Reviewed flagged freelancer profile'),
(2,'Moderation','Resolved dispute between users'),
(18,'Moderation','Removed duplicate listings'),

(6,'Moderation','Monitored user behavior for violations'),
(11,'Moderation','Investigated reported issue'),
(9,'Moderation','Checked policy compliance'),
(20,'Moderation','Removed harmful content'),
(4,'Moderation','Verified abuse report'),

(13,'Moderation','Handled moderation ticket'),
(8,'Moderation','Checked suspicious bidding activity'),
(17,'Moderation','Removed fake account content'),
(10,'Moderation','Reviewed flagged job post'),
(16,'Moderation','Resolved inappropriate messaging issue'),

(2,'Moderation','Filtered spam job postings'),
(7,'Moderation','Verified reported freelancer activity'),
(19,'Moderation','Removed misleading information'),
(5,'Moderation','Checked guideline violations'),
(11,'Moderation','Handled user report efficiently'),

(14,'Moderation','Reviewed flagged images and content'),
(3,'Moderation','Removed offensive profile data'),
(18,'Moderation','Investigated content abuse'),
(6,'Moderation','Checked suspicious login activity'),
(12,'Moderation','Handled flagged transaction issue'),

(1,'Moderation','Verified inappropriate listing report'),
(20,'Moderation','Removed spam comments'),
(9,'Moderation','Reviewed reported conversations'),
(15,'Moderation','Filtered harmful user content'),
(4,'Moderation','Handled platform misuse report'),

(8,'Moderation','Checked violation of terms'),
(17,'Moderation','Removed flagged job descriptions'),
(10,'Moderation','Investigated spam activity'),
(13,'Moderation','Resolved reported issue quickly'),
(16,'Moderation','Verified flagged communication'),

(5,'Moderation','Removed abusive language content'),
(2,'Moderation','Reviewed flagged media uploads'),
(7,'Moderation','Checked for policy breaches'),
(19,'Moderation','Handled content moderation case'),
(11,'Moderation','Verified suspicious user reports'),

(6,'Moderation','Removed duplicate job postings'),
(14,'Moderation','Reviewed flagged accounts'),
(3,'Moderation','Checked for inappropriate behavior'),
(18,'Moderation','Handled flagged profile activity'),
(9,'Moderation','Resolved spam-related issue');

INSERT INTO Collaboration (job_id, freelancer_id) VALUES
(12,74),(54,7),(18,76),(21,82),(39,78),
(49,56),(4,31),(31,20),(28,8),(52,86),

(27,41),(22,47),(44,86),(41,55),(32,61),
(48,104),(37,87),(27,72),(18,25),(26,73),

(38,105),(26,86),(27,79),(17,20),(34,29),
(4,10),(33,25),(16,63),(37,107),(7,20),

(57,71),(43,108),(18,29),(49,15),(39,29),
(24,91),(24,58),(67,18),(53,65),(46,42),

(10,11),(65,80),(3,69),(41,16),(17,16),
(51,100),(22,101),(27,103),(37,34),(49,59);

INSERT INTO JobSkills (job_id, skill_id) VALUES

-- Data Analysis Jobs
(1,30), (1,25), (1,31),
(2,30), (2,25), (2,31),
(3,30), (3,25), (3,31),

-- API Development Jobs
(4,11), (4,12), (4,54),
(5,11), (5,12), (5,54),
(8,11), (8,12), (8,54),

-- Mobile App Jobs
(7,20), (7,22), (7,23),
(16,20), (16,22), (16,23),
(24,20), (24,22), (24,23),

-- Website Development Jobs
(17,5), (17,6), (17,7),
(19,5), (19,6), (19,7),
(21,5), (21,6), (21,7),

-- SEO Optimization Jobs
(18,67), (18,66), (18,68),
(20,67), (20,66), (20,68),
(22,67), (22,66), (22,68);